0.420089,0.27505,0.166808,1.41766,0.367872,0.438396,1.42135,0.665856,0.93588,0.661707,0.635754,0.458138,0.296008,0.182672,0.665778,0.753107,0.170413,0.570401,0.864397,0.666298,0.660005,0.815082,0.660412,0.575505,0.661679,1.56114,0.565203,1.71618,1.1642,0.650561,0.529367,0.761998,0.433553,0.394431,0.582762,0.665436,0.650877,0.64048,8.52863,0.474926,0.228833,0.168847,0.482682,0.66334,0.0288398,1.32638,0.61554,0.701328,0.66617,0.350899,0.631598,0.66234,0.651676,0.666286,1.10343,0.710594,1.68659,3.19755,0.527027,0.657883,1.39581,0.795466,0.844583,1.19251,
1.32132,1.33136,0.634628,0.032868,0.659156,0.63434,0.0138315,0.821443,0.580563,0.696848,0.481508,0.664825,1.09122,0.623326,0.339554,0.475765,0.658098,0.336172,1.26124,1.04248,1.89848,1.33031,1.18807,0.54064,0.317819,1.81486,1.62168,0.983257,1.69683,2.25074,1.31765,1.13048,1.15832,0.649351,1.49785,0.572056,0.18497,0.563921,0.666657,5.31133,1.14688,0.648292,0.537277,0.441182,0.139077,0.514033,0.569347,1.26628,1.17305,0.478727,0.650548,0.615043,0.498929,0.655165,0.283954,0.662175,0.692315,0.958573,0.700982,0.639565,0.00815982,0.867892,1.28474,2.59844,
0.555079,0.4109,0.643034,0.598374,0.5285,0.661837,0.275615,0.0176631,0.462437,0.383961,0.975184,0.599482,0.538106,0.812612,0.563325,0.660537,0.276802,0.699811,0.598385,1.31759,0.065097,2.82284,0.453803,0.360606,0.659105,0.610289,2.8018,2.84243,3.87592,1.44528,1.08693,0.781551,0.660771,1.76785,0.841353,2.24432,0.630431,0.429138,0.636821,1.31972,0.63917,0.732192,1.20728,1.292,0.592524,0.510871,0.649651,0.624351,1.33309,0.643361,0.644472,0.440726,0.659856,0.478705,0.117364,1.27757,0.468411,0.331869,0.927693,0.412884,0.85597,0.250575,0.304245,0.511257,
0.509689,0.472554,0.636455,0.396193,1.03515,0.426466,0.638453,0.0100461,0.462266,0.352746,0.563674,0.415464,0.451197,0.415327,0.460628,0.211529,0.129821,0.907212,1.35292,1.93181,0.666179,0.110821,0.981369,1.20685,1.67557,1.30244,7.02376,33.893,7.81576,5.16787,1.29903,0.801844,0.389331,0.263408,0.261119,0.881462,0.840266,0.666598,0.628494,0.66423,0.647613,0.330526,0.552428,0.660014,0.661415,0.664593,1.00848,0.44412,0.664805,0.921293,0.652548,0.475509,0.0141752,0.127959,0.606325,0.264507,0.625781,0.666659,0.748422,0.815266,0.0104522,1.05372,0.665615,0.638076,
0.582875,0.462339,0.487414,0.348317,0.590267,0.877515,0.666428,0.666237,0.409439,0.533833,0.622587,0.115435,0.589476,0.545685,0.551881,0.497274,0.660008,1.37609,7.80281,3.25351,2.6613,0.635507,1.0738,1.2074,2.31439,0.915233,4.90957,12.788,40.1557,3.99263,2.0003,2.5091,1.36896,0.633233,0.0698084,0.65574,0.658414,0.444693,0.592253,0.442388,0.441785,0.410853,0.653278,0.485564,0.211508,0.681721,0.540441,1.30212,0.66559,0.189389,0.783901,0.648579,0.0880606,0,0.466447,0.542584,0.648818,0.51802,0.417542,1.12803,0.664377,0,0.561319,0.558974,
0.389933,0.358421,0.0176759,0.0225362,0.590061,0.348023,0.5987,0.606674,0.380672,0.652857,0.608792,0.608365,0.654154,0.614734,0.649454,0.612361,0.648026,1.90638,6.7292,10.1375,2.55703,1.2321,1.22065,1.3047,0.660029,3.0018,0.832349,3.06102,5.48468,3.94954,1.95689,2.94779,10.4398,3.0904,1.10806,0.611247,0.30249,0.597066,0.658837,0.528297,0.647422,0.514831,0.541887,0.385701,0.472717,0.66151,0.658109,1.10066,0.226498,0.15066,0.393831,0.536537,0.663412,0.633484,0.163327,0.491682,0.410022,0.596585,0.438264,0.395746,0.916114,0.666625,3.52276e-06,1.26313,
0.597836,0.649147,0.0438301,0,0,0.575131,0.00449027,0.335702,0.596455,0.495636,0.271243,0.955624,0.140463,0.638558,0.65857,0.411354,0.569983,0.842922,0.786595,3.76556,1.14253,0.592805,0.566264,1.30524,0.86999,0.715276,1.38942,1.36068,0.94521,0.46435,1.05804,1.15923,2.33552,5.90014,1.37294,1.13368,0.316284,0.621144,0.796028,0.694614,0.163778,0.62099,0.390048,0.486832,0.562313,0.626511,0.393751,0.908471,0.797603,0.593178,0.514499,0.558607,0.417169,0.220296,0.277284,1.05619,0.0260497,0.665742,0.338842,0.64989,0.655028,0.0817243,0.744596,0.180863,
0.665913,0.483404,0.551351,0.560752,0.0982447,0.13884,0.368958,0,0.418291,0.0606018,0.462343,0.300363,0.412531,0.66368,0.324683,0.273119,0.617247,1.3724,1.20319,0.411958,0.643315,0.508643,0.840703,0.581088,1.75855,3.03335,1.46491,0.854913,1.03745,0.968074,1.31661,0.834116,1.4104,4.1985,1.31533,0.66565,0.586686,0.597665,0.300168,1.31169,0.701088,0.666633,0.651366,0.666476,1.24733,0.666311,0.661118,0.606935,1.0063,0.344435,0.635457,0.442151,0.390396,0.010973,0.385522,0.345938,0.737375,0.502929,0.62961,0.00389735,0.567144,0.654076,0.626686,1.13155,
0.733041,0.666666,1.26843,1.29693,0.387686,0.642682,0.66328,0.658442,0.12874,0.590273,0.291735,0.197102,0.621377,0.827507,0.619607,0.621036,0.673115,0.639331,1.85589,0.528034,0.664083,0.0990353,0.44853,1.85313,1.90388,2.92907,3.54011,1.59412,0.666475,0.871802,0.521271,0.917875,1.28113,1.94889,3.59911,2.50732,0.475423,0.633248,0.396157,0.0377868,0.530277,0.789201,0.169589,0.110566,0.661663,1.15634,0.658119,0.131504,0.558459,1.23617,0.59276,0.622326,0.308581,0.476101,0,0.562453,0.591719,0.131551,0.454657,0.463926,0.148387,0.653517,0.249664,0.665162,
0.188234,0.666082,0.166275,0.551591,0.677348,0.662913,0.546488,0.663559,0.124414,0.660146,0.348014,0.625731,0.66343,0.488464,0.747841,0.660786,0.799955,0.64424,0.297827,1.33214,0.521906,0.641007,0.553084,0.550309,0.636193,0.773739,1.70255,1.16191,1.63996,1.98224,0.666353,2.53244,3.00951,0.744458,1.81574,2.12546,1.00185,0.818871,0.494658,1.08033,0.929326,0.645961,0.606196,0.105336,0.494483,0.45115,0.490085,0.486507,0.244142,0.390581,0.406673,0.0585532,0.647832,0.644945,0.5027,0.0280982,0.512063,0.0579918,0.30367,0.664522,0.654355,0.665251,0.11427,0.646526,
0.633053,0.664981,0.637811,0.471157,0.637007,0.38813,0.447122,0.497695,0.631832,0.454217,0.370497,0.666029,0.569589,0.710173,0.666163,0.625598,0.664851,1.7993,1.05692,0.648726,0.511767,1.27245,0.604564,0.662688,0.716612,1.19206,1.82035,2.2386,0.666207,1.91761,1.75851,0.310652,2.23842,4.44045,2.26193,2.24956,0.936865,1.00792,1.17563,0.625945,0.63573,0.983958,0.600321,0.663185,0.647979,0.666571,0.50621,0.184519,0.661497,0.648828,0.0952656,0.552908,0.0445856,0.465141,0.101137,0.454901,0.511176,0.66495,0.00176944,0.618889,0.593049,0.663486,0.450556,0,
0.000931335,0.663706,0.679995,0.665756,0.666637,0.532624,0.0607998,0.666217,0.160845,3.6838,0.665953,0.66439,0.519798,0.376297,0.870038,0.362797,0.663925,0.654426,1.09738,0.520874,0.113434,1.00623,0.602398,0.605172,0.666659,2.27587,2.98071,1.54947,2.53345,0.617176,1.33933,0.600841,1.31371,1.656,2.04462,1.98293,1.65802,1.55362,0.622739,0.653613,1.15803,0.0321101,0.558688,0.561774,0.666641,0.666037,0.503761,0.301507,0.665494,0.132657,0.106588,0.640195,0.665558,0.562667,0.492944,0.420999,0.537392,0.611009,0.146596,0.295403,0.65753,0.66033,0.437981,0.0156954,
0,0.268345,0.576784,0.655149,0.243603,0.428915,1.25054,0.858707,0.336333,0.666529,5.58347,0.237879,0.782957,0.520862,1.53511,2.49544,1.95819,0.572352,0.655461,0.752721,0.660412,0.653049,2.55017,0.666459,0.632497,6.60187,6.94852,1.59418,1.11335,0.946321,0.481639,0.666195,0.541229,0.649138,0.600538,1.73982,0.573516,1.75413,1.97991,0.243051,0.605733,0.714581,0.915359,5.70427,0.312931,0.169222,0.273745,0.453771,0.620158,0.659235,0,0.531853,0.428751,0.282757,0.385249,0.244969,0.661303,0.0779938,0.660191,0.125802,0.62367,0.220008,0.65366,0.60243,
0.66198,0,0.637971,0.630419,0.644603,0.658076,0.663692,0.391756,0.981011,0.598277,0.797647,0.625112,1.29688,1.625,2.96301,8.4647,4.68877,0.677756,0.456057,0.615406,2.31366,0.666488,0.550814,0.551852,0.841102,3.19969,8.2068,3.48992,0.662298,0.643415,0.728423,0.476687,0.628757,1.758,1.63054,1.16254,0.795142,0.660029,6.42888,0.416925,0.81124,0.666106,0.642192,1.81717,4.47519,0.613318,0.604864,0.00107242,0.610757,0.625508,0.214299,0,0.633649,0.565093,0.630618,0.00749811,0.663438,0.632142,0.622249,0.622522,0.659015,0.115418,0.000156946,0.646605,
0.662023,0.134196,0,0.0927533,0.571005,0.592942,0.259098,0.565413,0.557524,0.502551,3.17287,0.614076,0.665427,0.653407,1.16045,2.55163,3.89593,0.725986,1.04959,0.663848,0.561286,2.31006,0.603449,0.326269,0.289512,2.16557,11.0265,1.38204,0.62212,0.59458,1.30319,1.94084,0.865847,0.642929,1.05968,1.22222,0.329833,1.25288,0.663159,11.5746,0.666385,0.925709,1.17082,1.2208,0.521104,0.741942,0.0712484,0.326342,0.208668,0.65669,0.0807056,0.000114257,0.0148514,0.520724,0.382138,0.409289,0,0.641357,0.336228,0.654347,1.27617,0.634788,0.654144,4.23054e-05,
0.200202,0.487214,0.458358,0.00979809,0.0138274,1.10566,1.32468,0.663812,0.647424,0.30846,0.455059,3.20895,0.489067,0.335924,0.534834,0.571891,0.635128,1.47629,1.47086,0.862017,2.43313,0.387008,0.660183,0.555888,0.624929,0.626963,3.14991,8.01919,0.495888,0.649578,0.134065,0.543051,0.661465,2.45622,0.831602,0.652487,0.654639,0.607725,0.664139,2.57715,4.11237,1.97712,0.94117,0.713407,1.33204,0.44641,0.547835,0.336113,0.312616,0.660769,0.222659,0.0166833,0.0989874,0.445191,0.435254,0.629918,0.543198,0.0707317,0.488981,0.627387,0.115796,0.925157,0.424371,0.611436,
0.66933,1.72638,0.0354369,0.612249,0.407285,0.755923,1.68002,4.79151,3.89611,0.632605,0.662364,0.661533,0.652575,1.16687,0.66123,0.786641,0.487005,1.88198,1.37472,1.38924,0.656971,3.20216,0.652539,0.659224,0.692223,1.72324,0.807838,1.75356,0.666198,0.474353,0.635071,0.66194,1.04738,0.962104,2.05151,1.07254,0.66345,0.464126,1.72042,1.59274,5.59046,7.17029,1.76113,1.70699,1.22042,0.660775,0.510599,0.317223,0.598424,0.613511,0.130482,0.632598,0.456567,0.643277,0.51172,0.0133778,0.465752,0.037485,0.612582,0.477191,1.19746,0,0.179441,0.658912,
0.666662,0.861693,1.97189,0.536902,0.0704993,1.73862,2.52143,1.26036,5.63104,6.19122,0.866445,0.53522,0.645946,0.665174,1.55979,0.61383,1.47765,0.712933,1.17648,1.62685,1.04188,0.659759,0.333695,0.606387,2.22987,1.28719,2.51092,1.03919,0.75354,0.971463,0.75982,1.27265,2.35099,2.53503,1.6688,0.858108,0.655519,0.664513,1.3114,1.87903,2.83608,6.27182,14.5656,1.56698,1.51142,0.660234,0.582686,0.0279506,0.610662,0.162543,0.418913,0,0.627788,0.50113,0.257061,0.0282381,0.0291116,0.658549,0.435162,0.314128,0.580095,0.652272,0.0738862,0.0711786,
0.917875,0.627581,1.24519,0.613452,0.666612,0.543838,1.98029,1.62963,0.621736,0.953755,3.1597,1.04499,0.921287,0.646292,0.319154,0.74824,1.12169,1.25294,0.669352,0.644779,1.19389,0.861145,0.598877,0.785393,1.45551,1.92165,0.641897,1.27471,0.645773,1.32801,0.939462,0.875003,0.746545,1.8529,5.71525,1.36436,1.63068,0.939532,3.13837,2.2891,4.45861,3.54969,6.75865,24.1854,2.98641,0.54809,0.45084,0.358681,0.021793,0.0694087,0.666598,0.625584,0.0972038,0.446923,0.666189,0.552534,0,0.515064,0.610854,0.570043,0.658839,0.362243,1.26124,0.616957,
0.306924,0.934758,0.646053,0.161635,0.666663,0.654757,0.555163,0.171453,0.6648,0.665667,0.948182,0.666601,1.11413,1.83272,0.135719,2.05068,1.10724,0.606248,0.528366,0.662394,0.946516,0.566503,0.57729,0.335438,0.922614,3.14211,1.97108,1.93926,1.11649,1.4559,1.72777,1.3286,1.61481,4.44236,2.21899,5.63099,2.16973,2.58301,1.40259,4.66687,1.47529,2.26463,1.94135,1.54609,3.68209,0.412396,1.31787,0.665161,0.55484,0.483879,0.358481,0.170859,0.449672,1.04648,0.560956,0.658451,0.626268,0.0633293,0.441529,0.636436,0.409201,0.629896,0.64326,1.56183,
0.123469,0.00223283,0.0761889,0.662736,0.000126909,0.643164,0.6277,0.402887,0.663846,0.601056,1.30531,1.82507,1.38095,1.93817,0.703599,0.662432,1.73149,1.31753,0.587768,0.537872,0.66662,0.767421,0.168321,0.890407,7.52733,15.1858,30.4091,5.10956,1.82278,0.781703,1.32882,1.31716,2.02769,2.04736,3.72931,1.31704,1.64213,2.14851,1.74258,2.93705,2.28147,2.57692,2.13774,0.606849,0.434617,0.666247,0.15307,0.252694,0.643835,0.631297,0.581181,0.63495,0.0025668,0.625917,0.819022,0.04391,0.124432,0.290769,0.601134,0.239993,0.664684,0.601925,0.0846131,0.336036,
0.00372685,0.132915,0,0.489761,0.200427,0.216113,0.475645,0.0826183,0.665203,0.381702,1.25432,1.26854,0.930512,1.44281,1.0672,1.84261,1.21161,1.80445,0.645498,0.66127,0.0357456,1.32361,0.663558,2.06849,38.2156,152.916,117.128,43.2012,3.24473,1.28172,0.97644,1.56369,0.980897,2.66891,1.92177,0.752528,1.46716,1.85119,3.71953,2.03117,2.26362,2.57529,2.93534,0.644384,0.323256,0.568827,0.65717,0.665895,4.16475e-05,0.255819,0.385198,0.360755,0.666237,0.314316,0.625992,0.619299,0,0.191689,0.0752558,0.358458,0.650485,0.640375,1.11351,0.518048,
1.17319,0.287918,0.673532,0.000607143,0.559249,0.660664,0.665916,0.482673,0.643518,2.41792,0.427863,0.526756,0.543463,1.28785,0.66775,0.555487,1.09279,1.49814,0.598729,0.515235,0.666579,0.484263,1.88702,3.09315,24.9421,188.902,286.228,113.266,7.28006,1.80412,1.7799,3.70479,1.56275,1.2138,2.27806,1.24458,2.66549,3.34714,5.07637,5.49795,3.86068,4.32422,5.47972,2.17637,0.100402,0.589178,0.626798,0.624535,0.181031,0.200019,0.00065021,0.562707,0.502026,0.629693,0.612466,0.527583,0.0756612,0.0113169,0.664431,0.618771,0.582848,0.109142,0.263339,0.322801,
0.60714,0.706428,0.746171,1.18586,0.372769,0.389586,0.662814,0.665783,0.660828,1.19719,4.00545,0.665157,0.572435,0.538076,0.926377,0.662471,1.23594,1.30876,0.606035,0.664416,0.546388,0.666259,0.659598,2.12391,21.0643,31.2551,104.937,49.1819,11.9042,2.28559,2.61058,1.67259,2.39368,1.77362,1.8154,2.44453,4.89258,6.61632,4.03602,4.16097,7.61321,3.99716,8.71808,1.93806,0.386591,0.532513,0.498093,0.0818228,0.0798798,0.0873483,0.662824,0,0.0446015,0.455617,0.52166,0.070651,0.66597,0.587567,0.419919,0.65743,0.665285,0.053462,0.208915,0.000811443,
0,0.289506,0.659857,1.06509,0.644581,1.33029,0.597673,0.496543,0.638648,0.386118,0.582392,0.554496,0.288276,0.623903,0.665237,0.378967,2.08403,2.65823,4.28064,0.53664,0.600415,0.652874,1.25355,3.8038,10.8874,53.6835,470.228,28.2923,6.57635,3.36083,2.91415,2.66201,3.12501,5.09128,5.18091,3.00451,8.60301,5.37279,5.97748,4.35144,1.7654,6.44033,5.31616,4.67627,0.243643,0.173113,0.421852,0.45977,0,0.0227975,0.632763,0.365263,0.0994558,0.0910316,0.0195283,0.434207,0.574798,0.153732,0.450395,0.556155,0.596686,0.663028,0.299468,0.660705,
0.659042,0.13525,0.663073,0.604786,0.634103,0.10066,0.296917,0.0612972,0.461394,0.0935044,0.586991,0.53511,0.584109,0.93436,0.0793513,0.721976,0.785582,18.9742,9.72995,3.94329,0.417048,0.481975,0.623446,1.27891,4.23662,46.6167,96.9956,432.986,23.6258,5.68556,5.58991,4.39724,2.82798,4.93855,6.93304,6.4185,7.42074,10.3876,3.39129,4.31358,3.09247,2.32942,6.74376,1.29872,0.164835,0.613077,0.666506,0.631176,0.666457,0,0.488634,0.666604,0.660882,0.643647,0.636376,0.472473,0.0282305,0.369403,0.355353,0.664693,1.33311,0.060733,0.653305,0.621342,
0.0772649,0.64884,1.215,0.652761,0.585089,0.587945,0,0,0.378405,0.356102,0.504894,0.352675,0.61619,0.486933,0.966803,0.620635,0.980245,3.304,18.3929,8.38137,0.666666,1.02885,0.476348,1.14935,1.34876,17.7121,87.6381,152.918,66.6276,22.3145,9.13259,6.2076,4.51751,7.35275,7.08323,10.2605,8.67416,7.89782,7.92455,2.00264,4.53624,2.40414,1.97906,2.67295,0.699742,0.501528,1.28988,0.440306,0.085815,0.174039,0,0.475297,0.664712,0.598873,0.636399,0.271578,0.485804,0.51169,0.0276092,0.585082,0.485235,0.431969,0,0.567462,
0.576412,0.138799,0.524358,0.665718,0.528791,0.50747,0.662509,0.155007,0.00590885,0.623531,0.664501,0.623873,0.622322,0.308203,0.552036,0.754539,0.465128,1.11301,2.13834,2.51413,0.720222,0.274441,0.884273,1.3325,2.54575,9.85913,103.34,385.763,358.288,41.0512,11.361,13.2916,6.20077,15.7516,10.5587,15.9555,17.4983,9.85679,6.00799,5.60958,2.99424,6.92292,2.17909,0.85911,0.92898,0.666078,0.651096,0.849142,0.542994,0.557923,0.0463681,0,0.0200708,0.273547,0.665768,0.0910564,0.00101432,0.287392,0.445223,0.509255,0.510106,0.104162,0.402072,0,
0.130206,0.367239,0.66327,0.431172,0.182657,0.116089,0.560435,0.649866,0.85943,0.367156,0.485474,0.631631,0.652137,0.0780524,1.09196,0.652787,1.09382,0.562098,0.737941,1.30235,3.45019,0.688549,0.875147,1.3273,0.652103,6.4484,55.8615,474.543,718.331,293.721,29.8996,18.366,20.6237,15.3914,24.7513,19.1257,24.5319,10.9482,7.17954,3.05187,1.58144,2.43611,1.3251,0.302194,1.04542,0.663435,0.355018,0.520541,1.06023,0.614956,0.391255,0.567054,0,0.000131374,0.635389,0.182211,0.0288525,0.130075,0.630669,0.588277,0.447867,1.86261,0.647159,0.666074,
0.467471,0.660673,0.621198,0.646643,0.312694,4.98726e-06,0.654502,0.388087,0.517531,0.843057,0.658177,0.54689,0.314731,0.450928,0.588932,0.816399,0.654441,0.609672,0.595418,1.15285,3.01052,5.68689,2.5068,4.73557,1.7392,3.07114,75.4459,70.9485,641.068,490.643,149.115,16.8626,19.2168,13.2031,16.067,17.1116,13.7258,9.45699,3.37955,8.74741,4.56139,1.28879,0.721107,0.666666,0.619756,0.385456,0.197075,0.00497936,0.0305936,0.128164,0.0724183,0.00808343,0.379604,0,0.216726,0.50732,0.213078,0.514082,0.660626,0.24572,0.0561814,0.601173,1.91522,0.24817,
0.00050837,0.341277,0.637128,0.662968,0.666413,0.613464,0.0223838,0.666093,0.665013,0.618231,0.666132,0.663396,0.619323,0.241619,0.53536,0.665201,1.95751,0.877785,0.819378,0.979661,1.38155,4.77216,2.41267,2.28005,6.34686,3.17936,15.0027,150.86,150.799,1918.12,1714.07,382.648,12.5604,6.45725,12.1041,19.5267,10.0751,6.2141,5.26257,2.63893,5.5653,2.59818,0.666168,0.649662,1.30906,0.0760155,0.65762,3.19868e-05,0.0130627,1.38882e-05,0.659933,0.259043,0.0520688,0.00697481,0.000612374,0.820224,1.24113,0.65958,0.523803,0.666393,0.648181,0.134137,0.331986,0.119991,
0.568268,0,0.594929,0.339599,0.665442,0.279588,0.665499,0.486697,0.455366,0.18802,0.629958,0.656776,0.25711,0.302932,0.649843,0.540572,0.148076,0.458799,1.48866,0.911546,1.31441,3.11523,1.33095,1.75508,1.43705,2.90668,9.11963,14.1683,49.5147,511.032,23830.2,8123.28,574.475,15.6523,10.5805,10.5315,14.8266,3.22598,2.49443,3.63162,1.99936,3.37078,0.665909,0.638988,1.2471,1.31675,0.0012646,0.122505,0,0.433026,0.189418,0.657585,0.642374,0.57994,0,0.253889,9.5014,2.39136,0.380886,0.135665,0.868104,0.23358,0.661962,0.00348933,
0.191926,0.378024,0,0.598017,0.0569177,0.399047,0.632288,0.15002,0.471564,0.564492,0.0292779,0.495594,0.665933,0.644237,0.664496,0.664849,1.2671,0.274597,0.643359,0.578484,1.20618,0.666398,1.47509,1.04602,1.89371,1.80763,2.84569,17.7723,27.8446,36.1708,1128.63,28610.3,8703.94,311.52,23.5992,11.6512,6.11498,6.497,2.54072,2.28837,2.58934,0.69732,2.92882,0.619545,0.636029,0.644855,0.427851,0.280431,0,0.141684,0.625675,0.664801,0.58239,0.588054,0.984939,0.0391222,0.666647,7.38798,0.592135,0.276473,0.662416,0.716017,0.652919,0.229024,
0.163251,0.66439,0.655842,0,0.636782,0.589693,0.663523,0.638712,0.162219,0.559899,0.66666,0.515691,0.636485,0.69623,1.33718,0.236172,0.666319,0.189435,0.647034,0.662437,2.5546,1.31052,1.24706,1.15851,2.16294,1.75049,3.6915,4.49112,11.044,20.0394,80.3174,565.123,2945.22,1124.9,85.4653,29.8565,12.2602,3.77881,4.29576,3.45404,1.72924,2.53378,0.67254,0.471989,0.643572,0.272273,0.641007,0.399538,0.631847,0.00458078,0.663963,0.0808486,0.459211,0.359091,0.659744,0.866256,0.547996,0.651658,0.337686,0.345339,0.633901,0.630856,0.31025,0.66046,
0.209849,0.666619,0.517373,0.527226,0,0.270761,0.348843,0.409145,0.656629,0.666586,0.626895,0.392012,0.504831,0.0911476,1.15184,1.52471,0.796302,1.11709,0.639039,0.657312,0.648395,1.39788,1.25208,1.4565,2.39101,1.38492,2.20456,1.37405,3.94955,21.8388,40.796,90.0945,459.125,997.109,481.587,85.8555,49.6754,12.7035,1.90571,1.42399,1.61258,2.22851,0.648869,0.824656,0.868523,0.59462,0.00103274,0.261995,0.56636,0.174079,0.349353,0.665836,4.59939e-05,0.0675023,0.586716,0.5773,0.656503,0.418134,0.639268,0.0491562,0.664067,0.659687,0.666381,0.647597,
0.104786,0.361457,0.338576,0.655994,0.664376,0,0.0814601,0.425993,0.0348921,0.665145,0.639266,1.32408,0.654687,0.653853,0.880329,1.23296,0.616755,1.03817,1.47078,0.666643,1.23771,1.32216,1.27976,5.76284,1.25228,3.13996,1.46128,1.73743,2.76687,9.0863,156.615,84.3008,49.86,78.5768,150.834,67.7347,30.2272,16.102,1.45752,1.08304,3.53022,1.96007,0.808701,3.67373,4.39271,1.73283,1.61239,0.0121281,0.662685,0.0460813,0.701601,0.656659,1.28547,0.201201,0.607801,0.0553829,0.610765,0.564575,0.0110929,0.0942016,0.573563,0.14215,0.212693,1.32446,
0.617225,0.000159998,0.628673,0.0225975,0.650092,0.651045,0,0.626383,0.528913,0.535168,0.666554,0.646873,0.619053,0.582167,0.89698,1.32518,0.599035,0.0737354,0.656949,0.561922,1.05771,1.8637,1.49917,2.51379,3.04264,0.825966,1.35108,1.49483,2.94897,19.0441,35.8562,143.697,48.5742,8.71661,2.03444,5.25485,5.43329,24.1932,3.34712,0.653627,2.40007,3.91721,3.15189,3.51408,2.7359,4.10668,0.368256,1.18564,0.426178,0.521598,0.281672,1.16476,3.59854,2.35094,0.662566,0.321763,0,0.63699,0.384225,0.000253869,0.0560637,0.371051,0.224259,0.000103749,
0,0.306475,0.220376,0.0834923,0.487701,0.604046,0.64564,0.152684,0.565839,0.663548,0.518727,0.661004,0.103759,0.657066,0.447419,1.01602,0.479388,0.472131,8.85777e-05,0.519576,0.241341,1.23831,1.86023,1.84833,1.79725,1.13037,1.11609,1.35925,1.12244,4.50262,90.6537,19.3765,22.8415,7.6071,4.10424,5.97792,4.67277,36.4563,31.3046,4.27973,4.23063,3.20542,4.14641,3.26861,2.53144,0.666574,1.1772,0.000563462,0.0500803,0.816017,0.434276,1.00427,1.70332,2.85849,0.330734,0.136187,0.309888,0,0.63455,0.563468,0.230054,0.588048,0.664399,0.663422,
0.666162,0,0.598723,0.657415,0.214655,0.554015,0.0705843,0.594027,0.66585,0.66567,0.303933,0.612205,0.337881,0,0.221483,0.644128,0.255439,0.064482,0.0194636,0.210182,0.6637,0.706852,0.664813,1.816,1.15902,0.889989,0.838791,0.983803,1.50032,3.01611,6.30782,39.9125,9.769,9.83567,5.39983,3.83815,3.89651,9.89898,48.4143,29.9851,2.54021,4.31947,1.32626,0.671514,0.601477,0.573339,0.465258,0.247105,0.242233,0,1.00704,0.495715,0.91047,0.66459,0.181517,0.556744,0.25015,0.615174,4.01795e-07,0.662269,0.563579,0.65419,0.351181,0.143708,
0,0.665173,0,0.637429,0.585187,1.29371,0.655887,0.612371,0.810966,0.505273,0.151253,0.618734,0.315755,0.66568,0,0.416857,0.640435,0.644005,0.603034,0.407476,1.06276,0.606116,1.14188,0.904272,1.89331,1.86385,0.868459,0.665986,1.84106,2.47645,6.26076,8.37699,4.12857,7.24637,6.18646,5.56488,2.72367,5.0034,5.82209,12.1927,3.73837,1.43718,0.788225,1.32081,0.647591,0.636129,0.452564,0.614504,0.647606,0.649598,8.73792e-07,0.383679,0.46226,0.473743,0.666658,0,0.527527,0.646319,0.0725754,0.17346,0.643781,0.964178,0.115503,0.0728366,
0.615533,0,0.618361,0,0.552812,0.616351,0.490422,0.635312,0.637084,1.08462,0.599247,0,0.369551,0.225325,0.644264,4.66682e-05,0.536803,0.502801,1.08581,0.666467,0.650639,0.968509,0.421763,1.01886,1.10553,1.67488,1.00651,1.96506,1.33781,1.93346,2.4803,3.8812,2.43353,3.81576,2.67304,4.8325,4.36439,2.04381,2.68712,3.72616,2.64781,1.66994,0.867389,1.32135,0.479096,0.104776,0.666296,0.50489,0.617873,0.484394,0.293204,0.175501,0.563894,0.017662,0.622074,0.630064,0.126713,0.633113,0.367287,0.0559761,0.666488,0.666664,0.77033,0.557582,
0.391682,0.309294,0,0.643183,0,0.634152,0.307935,0.00121527,0.796239,0.65948,0.660652,0.334885,0.118388,0.190588,0.655815,0.657826,0.201378,0.658148,0.454793,0.562337,0.663487,0.655314,1.7766,0.649363,1.9318,1.39411,1.31166,0.654331,0.666629,4.72179,2.42867,3.04919,2.80888,3.43882,2.19883,4.20494,3.60558,2.92178,1.2748,1.89614,7.82307,1.32437,0.738831,0.576564,0.654984,1.28488,0.453646,0.398436,0.664214,0.946374,0.0219001,0.62491,0.666368,0.32823,0,0.658573,0.650275,0.659377,0.0876921,0.113004,0.587878,0.481381,0.408347,0.0775342,
0.000160667,1.31936,0.666028,0.00557598,0.640386,0,0.641104,0.142041,0,0.796,0.126977,0.209118,0.246858,0.655682,0.664614,0.312393,0.580105,0.701863,0.661328,0.666378,1.26062,0.666409,0.66607,0.517301,1.15824,0.701774,0.91872,0.660363,1.54559,1.43157,2.66426,2.3619,2.47088,3.20749,5.94667,10.3963,2.70637,6.31899,6.86459,4.66212,5.96565,5.40197,1.03222,0.825852,0.561067,0.402866,0.606471,0.503878,0.645046,0.211487,0.934289,0.0624608,0.318557,0.666657,0.655415,0.000983856,0.216573,0.130901,0.365306,0.0193344,0.652804,0.351422,0.476946,0.665669,
1.80593,0.220457,0.38052,0.516722,0.362965,0.263315,8.94094e-07,0.664192,0.664043,0,0.502532,0.628479,0.570094,0.664109,0.664595,0.65565,0.665275,0.36223,1.17424,0.650295,0.397413,0.623169,0.362665,0.16501,0.863353,0.652447,1.0119,3.16906,0.980641,2.2449,1.84509,1.49669,2.07613,3.23378,2.37894,2.2805,4.30534,0.941945,5.40668,6.1904,2.51883,26.1,7.30137,0.582546,0.604772,0.660904,0.650411,0.323847,0.650742,0.328772,0.66002,0.196313,0.599673,0.662571,0.602968,0.664033,0.270411,1.26923,0.660913,0.577843,0.471448,0.610251,0.588578,1.05474,
4.20466,2.70761,0.65739,0.4005,0.657262,0.664888,0.654685,0.17557,0.663754,0.470952,0.000130424,0.6589,0.603787,0.635278,0.442857,0.144689,0.118324,0.654188,0.104216,0.625423,0.305753,0.661965,0.296285,0.79556,1.60287,1.86387,0.681301,1.27947,2.55022,1.58476,2.51911,3.34839,1.09626,0.982075,2.76993,0.671615,1.22288,2.86929,1.0756,0.721583,0.662204,1.22038,14.9843,7.92891,1.31649,1.66532,0.399252,0.288614,0.648829,0.109552,0.603284,0.308897,0.665996,0.586936,0.577142,0.665616,0.290076,0.636955,0.52685,0.665549,0.626792,0.635874,0.348745,0.363492,
0.619135,2.57044,0.566146,0.468224,0.657071,0.529427,0.577847,0.2493,0.666363,0.255028,0.479662,0.216597,0.513963,0.138299,0.0898818,0.644303,0.0352915,0.0521448,0.230058,0.647197,0.664771,0.628489,0.659364,0.65168,1.10536,1.35973,2.55381,0.617008,1.36056,1.85184,1.31189,1.68553,3.17767,1.04363,0.575729,0.647309,1.01195,0.662488,1.79421,0.647727,0.660366,0.661936,1.9969,3.52129,8.20713,1.18055,1.25267,0.660948,0.627456,0.431053,0.0408348,0.0889888,0.615772,0.643997,0.0554946,0.0841896,0.666415,0.0366351,0.656578,0.5145,0.643247,0.289823,0.0905024,1.33282,
0.577682,0.522716,0.189026,0.557027,0.489958,0.464329,0.191608,0.427679,0.552943,0.622613,0.601546,0.478671,0.658566,0.216734,0.66314,0,0.25477,0.921866,0.580101,0.666628,1.27673,1.32914,0.650693,0.545009,0.632643,0.696258,2.03412,1.69796,1.2205,1.89238,0.911108,0.775805,1.75804,1.2247,0.63459,0.648797,1.19759,0.719313,0.956305,0.664894,0.664697,1.26737,0.663389,3.22805,4.35368,1.96761,1.04089,0.656183,0.439909,0.640657,0.0127883,0.552808,0.634407,0.308995,0.331615,0.287579,0.629437,0.524958,0.540626,0.223006,0.654673,0.601069,0.079152,0,
0.0452997,0.365525,0.666078,1.32082e-05,0.666188,0.0230837,0.0180284,0.664444,0.527437,0.659421,0.297259,0.33142,0.473448,0.319626,0.658525,0.649707,0.00251496,0.494383,1.05653,0.645467,0.621897,2.6899,0.653472,0.658272,0.624794,0.655719,3.37292,11.1756,2.26204,2.6466,2.92949,1.17549,0.656286,0.876822,0.751627,1.14454,1.04888,1.32744,1.30341,0.959235,1.2057,1.71635,0.815146,0.646111,1.25329,0.903861,0.733827,0.539453,0.660519,0.627107,0.0958039,0.00107361,0.439627,0.665677,0.615713,0.601418,0.628022,0.605309,1.28138,0.41235,0.412771,0.655636,0.605159,0.623663,
0.660909,0.564447,0.00577779,0.154761,0.177107,0.648931,0.0410623,0.00516602,0.14393,0.0545471,0.213643,0.51174,0.338025,0.484844,0.609154,0.653632,0.628047,0.31321,0.649981,1.11471,0.659049,1.28973,1.88157,0.666663,1.28849,0.666408,0.87657,2.23155,9.3925,3.18139,1.34188,1.32195,1.46612,0.666645,0.662089,1.13885,0.745492,0.638585,0.526897,0.422477,0.49999,0.645671,0.639527,0.886609,0.666317,1.42701,0.535087,0.243662,0.662184,0.583406,0.536273,0.335911,0.273789,0.51679,1.09773,0.575154,0.655567,0.0829065,0.664539,0.529368,0.0819356,0.909116,0.683365,0.325885,
0.278537,0.562948,0.38297,0.292086,0.511078,0.666252,0.627218,0.553431,0.357568,0.246965,0.585053,0.191683,0.612653,0.597138,0.119916,0.220327,0.567246,0.596427,1.30364,1.84907,2.66663,1.23923,0.619302,1.15337,0.605309,1.42508,1.16591,0.962026,2.09566,3.5403,2.73217,2.3244,1.27578,2.86764,3.55882,0.662299,0.65528,0.269667,0.666619,0.529645,0.656618,0.785349,0.5286,0.566608,0.930412,1.30282,0.514946,0.594733,0.653529,0.666373,0.0590422,0.0352382,0.59856,0.666661,0.579512,0.785789,0.448579,0.118158,0.0704628,0.66576,0.326822,0.626927,1.00599,1.06984,
0.924967,0.632836,0.384891,0.0115029,1.32599,0.45157,0.569586,0.289049,0.623115,0.602779,0.66493,0.663783,0.664432,0.423867,0.0838746,0.656427,0.657431,0.658467,1.32328,2.35961,0.815734,2.05546,0.664412,0.515655,0.665442,1.1754,1.84513,2.33133,2.62651,3.01961,2.23355,17.4906,3.8342,0.704857,1.82754,3.07206,0.523952,0.562313,0.883052,0.65766,0.830701,0.665716,4.69292,0.91351,1.04773,0.714689,0.592403,0.4351,0.63781,0.666655,0.635064,0.593656,0,0.521538,0.664557,0.666128,0.663105,0.508597,0.648807,0.612196,0.596394,0.604553,0.573811,0.0521692,
0,0.626128,0.544715,0.634491,0.421382,0.634747,0.558512,0.376302,0.0710586,0.523512,0.501224,0.624007,0.64935,0.659971,0.620991,1.84508,0.66476,0.521978,0.664554,1.62707,0.995869,0.565116,0.646178,0.625769,0.666649,0.665833,2.16381,2.79366,2.65393,1.93067,1.80132,1.13624,11.3151,1.57006,0.663529,0.627969,0.683717,0.640058,0.818224,1.37667,1.83626,1.77726,0.574933,3.38869,0.639463,0.883781,1.46092,0.666419,0.661225,0.414517,0.168347,0.526143,0.569477,0,0.51798,0.653311,0.563696,0.250617,1.0477,4.17591,0.653873,0.861235,0.659247,0.665101,
0.14747,0.0454512,0.66418,0.655857,0.398755,0.532919,0.0893357,0.434483,0.622156,0.613049,0.633399,0.0256425,0.646981,0.626141,0.632283,0.661379,1.9613,0.665404,0.621407,1.32467,1.22839,0.66435,0.538544,0.919316,0.657533,2.41164,1.32393,1.46371,1.84969,1.25364,1.0314,1.03754,0.998802,5.45293,1.91416,0.51094,1.03902,1.18391,0.667175,1.14583,0.648705,1.40826,0.374706,0.0497663,1.24963,0.381331,1.02402,1.16112,0.639842,0.31257,0.538794,0.644319,0.661633,0.6649,0,3.0454,0.87104,1.31297,0.646118,1.35396,3.31961,0.663913,1.09159,0.645237,
0.659711,0.424738,0.56482,0.604559,0.591184,0.551886,0.665006,0.155397,0.665619,0.879469,0.595783,0.665698,0.19438,0.388109,0.657995,0.411377,0.666632,0.566768,0.634514,0.827222,0.629433,0.593817,1.28575,1.82394,0.953162,3.79325,1.23114,0.622349,1.10562,0.968556,1.2677,3.71929,1.84759,1.46369,4.79083,1.1697,1.2926,1.07596,0.69299,0.856394,1.20147,0.609756,1.24728,0.0136742,0.200958,1.58515,1.66818,0.658715,0.426216,0.665462,0.85694,0.257596,0.925356,1.16801,2.36391,0.115079,3.29307,1.11197,1.50912,0.63717,1.31026,4.73102,0.40069,0.656772,
1.21873,0.640298,0.530099,0.418862,0.619443,0.0791404,0.519538,0.685476,0.666141,0.533566,1.03207,0.897713,1.1715,0.663954,0.560418,2.07979,2.51107,2.27251,0.66604,0.394756,1.21338,0.591336,1.21775,1.17843,1.90842,1.18757,2.30817,1.06902,1.27417,0.822579,2.7821,1.26376,3.24376,2.42923,1.27941,1.03765,0.647566,0.500301,0.5699,1.03099,5.13405,1.7722,0.653946,0.717285,0.48334,0.66262,0.850506,2.07372,0.602338,0.0121331,2.89364,0.929992,0.643034,1.16353,1.14541,3.24442,0.653961,0.398582,0.666496,0.651083,0.656063,0.454172,0.663325,1.32003,
1.97568,0.665957,0.970712,0.666502,1.32005,0.611065,0.62365,0.0303172,0.918178,2.87152,1.303,0.278253,1.00322,0.698787,0.817441,1.25339,8.44512,4.36181,2.59928,1.11718,0.632512,0.235709,0.663702,0.966549,0.925095,1.28607,5.00772,5.6628,2.05923,2.11716,1.29203,2.365,1.99009,26.3621,4.46631,0.78767,0.997708,1.50824,0.623979,1.22852,0.650718,2.47134,0.602761,0.68531,0.928015,2.95663,6.43543,0.912161,0.385142,0.513882,0.294302,1.73058,0.664007,0.0986831,0.718671,0.408637,0.664179,0.632959,0.0150398,0.347448,0.65466,0.666157,0.682975,0.544479,
0.517823,0.941008,1.18564,0.885369,0.627942,0.538157,0.520626,0.502906,0.452513,1.02111,1.68608,1.31539,0.632983,0.660178,0.618667,1.07445,0.585927,5.51607,1.5505,1.62171,1.01732,0.666665,0.652129,0.65197,1.1232,1.83111,1.14083,3.95629,3.41944,4.7848,1.72813,0.942515,0.468445,0.589796,15.7766,2.58086,2.50247,0.732046,1.80858,0.653896,0.658633,0.665585,0.633677,1.10974,0.928759,1.03286,5.20427,10.2604,0.795327,0.562751,0.579456,0.624293,0.655189,0.50281,0.635676,1.03178,0.543742,0.632901,0.692758,2.01226,2.47084,0.546855,0.522583,1.17061,
0.660924,0.59985,0.972551,1.23721,0.662295,0.653244,0.891032,1.73438,1.82082,0.662202,0.985972,0.61638,0.618451,0.462853,0.666663,0.664195,0.805862,0.0549849,0.666609,1.30568,1.74381,0.79202,0.369818,0.441268,0.642691,0.823575,1.32504,0.745668,1.58051,3.24517,1.36283,0.610912,1.29043,0.651991,0.627867,0.900483,0.729512,0.70062,1.0289,0.777811,0.510279,0.665082,0.249896,0.505117,1.48308,0.73108,1.4356,1.69495,1.51745,1.23041,1.03488,0.984784,0.66637,1.27226,1.25738,0.57739,0.802253,0.664499,0.642961,2.12741,13.2304,6.43346,1.29791,1.24084,
1.3199,0.370553,0.580797,3.54354,0.615745,0.841681,0.663792,1.10441,1.94873,1.9721,1.29712,2.45586,0.72106,1.85465,0.435492,0.560538,0.665702,1.20469,0.324405,0.525142,0.659468,1.2822,1.16184,0.61908,0.94206,0.787766,8.23924,3.1482,0.458089,0.657691,0.204886,1.13911,0.599068,0.6983,0.748208,0.594116,0.612145,0.666361,0.502608,0.820606,1.03145,0.634107,0.660226,1.08725,0.942924,0.422237,0.665729,0.939048,1.45788,4.05542,7.77583,1.94073,1.86708,0.666666,1.56109,0.650006,0.391662,0.666667,0.658485,0.63347,1.62767,6.6198,1.08642,0.50244,
0.64284,0.653135,0.666661,0.653133,2.99592,0.552158,0.83749,1.4331,6.38609,3.56271,1.166,1.67154,2.15575,1.94553,2.81612,1.31137,5.54178,0.615495,0.650747,0.606112,0.472951,0.6623,0.945743,1.18863,0.427361,0.968931,1.24457,5.74255,0.659631,1.1211,0.650708,0.685251,0.859978,0.335153,1.17424,0.750358,0.542701,0.653627,0.329347,0.66577,0.632527,0.607098,0.628585,0.502469,0.826062,0.783873,0.580884,1.13356,1.14285,8.36047,9.06657,5.18539,1.51418,0.267503,0.646157,0.151579,1.64018,1.07435,0.661328,0.253731,0.142855,0.622398,0.665602,0.590654,
0.660217,0.258024,0.663304,0.576899,0.511561,0.163095,0.623646,0.503297,1.31764,2.49435,1.32896,1.02159,1.94082,1.06432,1.29121,0.403106,1.14327,3.78002,0.408743,0.656746,0.666661,1.12627,0.641987,1.46606,0.664153,0.590117,0.66227,2.40967,0.824642,0.53171,1.19422,3.94667,1.28608,1.05062,0.666173,0.663469,0.438483,0.436515,0.64007,0.12177,0.654005,0.853587,0.526173,0.330401,0.996504,1.32757,0.497942,0.664548,1.4089,2.32361,4.59544,1.7959,0.644725,0.133846,0,0.102768,0.665712,1.51071,0.820085,0.581817,0.666662,1.22649,0.780175,0.666613,
0.25595,0.560813,0.522705,0.523498,0.678074,0.665195,0.662431,0.565302,0.937386,0.735478,0.55873,0.445786,0.663939,1.29769,0.648835,0.570475,0.664267,1.23014,0.665807,1.02688,0.586141,0.666005,0.65704,0.605925,0.820595,0.665079,1.03073,0.559921,1.18244,2.51267,1.83207,0.281254,2.57202,0.502119,0.617158,0.563827,0.212104,0.598829,0.669526,0.424669,0.657289,0.523547,1.76243,1.21237,1.54171,2.6261,1.11665,0.59611,0.605709,1.71924,2.96089,0.193653,0.629294,0.634162,0,0.0989349,0.0746707,0.663064,0.647277,0.160392,0.052963,0.201076,0.625601,0.916756,
0.835769,0.434033,2.71711,0.651642,0.616386,0.797492,0.574416,0.214214,1.85685,1.83926,0.651783,0.666667,0.666465,0.730222,0.588488,0.106597,0.656358,0.647039,1.57359,0.662614,0.832564,0.64205,1.33191,0.658786,0.659531,0.608272,2.19232,0.794608,1.14048,0.657952,3.13583,3.63026,0.659451,0.539067,0.490242,1.32674,0.483451,0.663159,0.547371,0.685947,2.97464,0.974706,0.660136,0.932553,2.88448,1.22487,3.55108,1.76563,0.814038,1.25766,1.58288,1.17086,0.312468,0.5488,0.380052,0.117326,0.643235,0.834634,0.567669,0.443357,0,0.0109056,0.846507,0.865392,
0.789665,0.927076,3.13944,2.45518,0.665887,0.662628,0.666516,1.32771,0.659259,0.796791,0.625152,0.236625,0.665716,0.173889,0.906626,0.666612,0.459909,0.560471,0.480767,0.661233,0.981191,0.632197,0.622655,0.614274,0.590055,1.33116,0.528964,1.38573,1.05199,0.73145,1.13044,0.656441,1.27828,0.657797,0.661623,0.666128,0.629039,1.81531,0.483385,0.666106,0.666648,1.5666,1.77353,0.222352,0.661479,1.75272,0.666527,1.86777,1.53816,1.00307,0.603705,0.646949,0.665451,1.13107,1.21177,0.63641,2.39748,0.580067,1.20009,0.653302,1.10543,0.101768,0.646067,1.04134,
